exp,env_id,task,scale,n_repeats,var_mean,sd_mean_pp,sd_theoretical_pp,sd_mean,sd_theoretical,deviation,sigma_sq,omega_sq,omega_sq_ci_lo,omega_sq_ci_hi,omega_sq_debiased,icc,r_squared,noise_floor_display
exp1_alpaca,e_1cfecd45841e,instruction_following,score100,1,5.81983,2.41243,2.41243,2.41243,2.41243,0,5.82485,0,0,0.0164256,0,0,0.999973,noise floor: below detection at this scale (≤ 0.13 %p)
exp1_alpaca,e_1cfecd45841e,instruction_following,score100,3,1.90991,1.382,1.39282,1.382,1.39282,-0.0108229,5.82485,0,0,0.0164256,0,0,0.999973,noise floor: below detection at this scale (≤ 0.13 %p)
exp1_alpaca,e_1cfecd45841e,instruction_following,score100,5,1.15647,1.07539,1.07887,1.07539,1.07887,-0.00348147,5.82485,0,0,0.0164256,0,0,0.999973,noise floor: below detection at this scale (≤ 0.13 %p)
exp1_alpaca,e_1cfecd45841e,instruction_following,score100,8,0.716212,0.846293,0.852924,0.846293,0.852924,-0.00663028,5.82485,0,0,0.0164256,0,0,0.999973,noise floor: below detection at this scale (≤ 0.13 %p)
exp1_alpaca,e_1cfecd45841e,instruction_following,score100,10,0.579207,0.761057,0.762878,0.761057,0.762878,-0.00182121,5.82485,0,0,0.0164256,0,0,0.999973,noise floor: below detection at this scale (≤ 0.13 %p)
exp1_alpaca,e_1cfecd45841e,instruction_following,score100,20,0.287665,0.536344,0.539436,0.536344,0.539436,-0.00309243,5.82485,0,0,0.0164256,0,0,0.999973,noise floor: below detection at this scale (≤ 0.13 %p)
exp1_alpaca,e_9dae315a7446,instruction_following,likert10,1,0.112699,3.73007,3.73007,0.335707,0.335707,0,0.112663,4.88434e-05,0,0.000288544,4.88434e-05,0.000433348,0.999999,noise floor: below detection at this scale (≤ 0.19 %p)
exp1_alpaca,e_9dae315a7446,instruction_following,likert10,3,0.0376505,2.15597,2.15356,0.194037,0.19382,0.000217201,0.112663,4.88434e-05,0,0.000288544,4.88434e-05,0.000433348,0.999999,noise floor: below detection at this scale (≤ 0.19 %p)
exp1_alpaca,e_9dae315a7446,instruction_following,likert10,5,0.0225485,1.66846,1.66814,0.150162,0.150133,2.90195e-05,0.112663,4.88434e-05,0,0.000288544,4.88434e-05,0.000433348,0.999999,noise floor: below detection at this scale (≤ 0.19 %p)
exp1_alpaca,e_9dae315a7446,instruction_following,likert10,8,0.0141924,1.32369,1.31878,0.119132,0.11869,0.000441653,0.112663,4.88434e-05,0,0.000288544,4.88434e-05,0.000433348,0.999999,noise floor: below detection at this scale (≤ 0.19 %p)
exp1_alpaca,e_9dae315a7446,instruction_following,likert10,10,0.0113013,1.18119,1.17955,0.106307,0.10616,0.000147765,0.112663,4.88434e-05,0,0.000288544,4.88434e-05,0.000433348,0.999999,noise floor: below detection at this scale (≤ 0.19 %p)
exp1_alpaca,e_9dae315a7446,instruction_following,likert10,20,0.00563376,0.833982,0.83407,0.0750584,0.0750663,-7.86092e-06,0.112663,4.88434e-05,0,0.000288544,4.88434e-05,0.000433348,0.999999,noise floor: below detection at this scale (≤ 0.19 %p)
exp1_alpaca,e_dabfcd0d96e0,instruction_following,likert5,1,0.0275742,4.15137,4.15137,0.166055,0.166055,0,0.0275773,5.33228e-05,0,0.000137888,5.33228e-05,0.00192985,0.999848,noise floor: below detection at this scale (≤ 0.29 %p)
exp1_alpaca,e_dabfcd0d96e0,instruction_following,likert5,3,0.00948681,2.43501,2.39679,0.0974002,0.0958717,0.00152853,0.0275773,5.33228e-05,0,0.000137888,5.33228e-05,0.00192985,0.999848,noise floor: below detection at this scale (≤ 0.29 %p)
exp1_alpaca,e_dabfcd0d96e0,instruction_following,likert5,5,0.00552678,1.85856,1.85655,0.0743423,0.0742619,8.04233e-05,0.0275773,5.33228e-05,0,0.000137888,5.33228e-05,0.00192985,0.999848,noise floor: below detection at this scale (≤ 0.29 %p)
exp1_alpaca,e_dabfcd0d96e0,instruction_following,likert5,8,0.0034063,1.45909,1.46773,0.0583635,0.0587092,-0.000345716,0.0275773,5.33228e-05,0,0.000137888,5.33228e-05,0.00192985,0.999848,noise floor: below detection at this scale (≤ 0.29 %p)
exp1_alpaca,e_dabfcd0d96e0,instruction_following,likert5,10,0.00278443,1.31919,1.31278,0.0527677,0.0525111,0.000256643,0.0275773,5.33228e-05,0,0.000137888,5.33228e-05,0.00192985,0.999848,noise floor: below detection at this scale (≤ 0.29 %p)
exp1_alpaca,e_dabfcd0d96e0,instruction_following,likert5,20,0.00141034,0.938864,0.928274,0.0375545,0.037131,0.00042359,0.0275773,5.33228e-05,0,0.000137888,5.33228e-05,0.00192985,0.999848,noise floor: below detection at this scale (≤ 0.29 %p)
exp1_anchor,e_b842cbff3261,summarization,likert5,1,0.071277,6.67444,6.67444,0.266977,0.266977,0,0.071176,8.09109e-05,0,0.000367862,8.09109e-05,0.00113548,0.999988,noise floor: below detection at this scale (≤ 0.48 %p)
exp1_anchor,e_b842cbff3261,summarization,likert5,3,0.023681,3.84716,3.85349,0.153886,0.15414,-0.000253271,0.071176,8.09109e-05,0,0.000367862,8.09109e-05,0.00113548,0.999988,noise floor: below detection at this scale (≤ 0.48 %p)
exp1_anchor,e_b842cbff3261,summarization,likert5,5,0.0144303,3.00315,2.9849,0.120126,0.119396,0.000730084,0.071176,8.09109e-05,0,0.000367862,8.09109e-05,0.00113548,0.999988,noise floor: below detection at this scale (≤ 0.48 %p)
exp1_anchor,e_b842cbff3261,summarization,likert5,8,0.00896899,2.36762,2.35977,0.0947048,0.0943908,0.000313977,0.071176,8.09109e-05,0,0.000367862,8.09109e-05,0.00113548,0.999988,noise floor: below detection at this scale (≤ 0.48 %p)
exp1_dense,e_200f3c74cbfa,summarization,score100,1,13.7756,3.71155,3.71155,3.71155,3.71155,0,13.7729,0.00360533,0,0.0290125,0.00360533,0.000261702,0.999999,noise floor: below detection at this scale (≤ 0.17 %p)
exp1_dense,e_200f3c74cbfa,summarization,score100,3,4.59361,2.14327,2.14287,2.14327,2.14287,0.000403765,13.7729,0.00360533,0,0.0290125,0.00360533,0.000261702,0.999999,noise floor: below detection at this scale (≤ 0.17 %p)
exp1_dense,e_200f3c74cbfa,summarization,score100,5,2.76836,1.66384,1.65986,1.66384,1.65986,0.00398172,13.7729,0.00360533,0,0.0290125,0.00360533,0.000261702,0.999999,noise floor: below detection at this scale (≤ 0.17 %p)
exp1_dense,e_200f3c74cbfa,summarization,score100,8,1.71984,1.31143,1.31223,1.31143,1.31223,-0.000806705,13.7729,0.00360533,0,0.0290125,0.00360533,0.000261702,0.999999,noise floor: below detection at this scale (≤ 0.17 %p)
exp1_dense,e_200f3c74cbfa,summarization,score100,10,1.38027,1.17485,1.1737,1.17485,1.1737,0.00115372,13.7729,0.00360533,0,0.0290125,0.00360533,0.000261702,0.999999,noise floor: below detection at this scale (≤ 0.17 %p)
exp1_dense,e_200f3c74cbfa,summarization,score100,20,0.689897,0.8306,0.829929,0.8306,0.829929,0.000671684,13.7729,0.00360533,0,0.0290125,0.00360533,0.000261702,0.999999,noise floor: below detection at this scale (≤ 0.17 %p)
exp1_dense,e_250190cb1b81,summarization,likert5,1,0.0621268,6.23131,6.23131,0.249252,0.249252,0,0.0621111,5.42762e-05,0,0.00016428,5.42762e-05,0.000873093,0.99999,noise floor: below detection at this scale (≤ 0.32 %p)
exp1_dense,e_250190cb1b81,summarization,likert5,3,0.0208939,3.61368,3.59765,0.144547,0.143906,0.000641382,0.0621111,5.42762e-05,0,0.00016428,5.42762e-05,0.000873093,0.99999,noise floor: below detection at this scale (≤ 0.32 %p)
exp1_dense,e_250190cb1b81,summarization,likert5,5,0.0124858,2.79349,2.78673,0.11174,0.111469,0.000270685,0.0621111,5.42762e-05,0,0.00016428,5.42762e-05,0.000873093,0.99999,noise floor: below detection at this scale (≤ 0.32 %p)
exp1_dense,e_250190cb1b81,summarization,likert5,8,0.00778462,2.20576,2.2031,0.0882305,0.0881241,0.000106431,0.0621111,5.42762e-05,0,0.00016428,5.42762e-05,0.000873093,0.99999,noise floor: below detection at this scale (≤ 0.32 %p)
exp1_dense,e_250190cb1b81,summarization,likert5,10,0.00625004,1.97643,1.97051,0.0790572,0.0788206,0.000236639,0.0621111,5.42762e-05,0,0.00016428,5.42762e-05,0.000873093,0.99999,noise floor: below detection at this scale (≤ 0.32 %p)
exp1_dense,e_250190cb1b81,summarization,likert5,20,0.00310202,1.3924,1.39336,0.0556958,0.0557345,-3.87262e-05,0.0621111,5.42762e-05,0,0.00016428,5.42762e-05,0.000873093,0.99999,noise floor: below detection at this scale (≤ 0.32 %p)
exp1_dense,e_7268666f4d91,summarization,likert10,1,0.168339,4.5588,4.5588,0.410292,0.410292,0,0.168317,0.000141882,0,0.000367431,0.000141882,0.000842235,0.999986,noise floor: below detection at this scale (≤ 0.21 %p)
exp1_dense,e_7268666f4d91,summarization,likert10,3,0.0566753,2.64518,2.63202,0.238066,0.236882,0.00118385,0.168317,0.000141882,0,0.000367431,0.000141882,0.000842235,0.999986,noise floor: below detection at this scale (≤ 0.21 %p)
exp1_dense,e_7268666f4d91,summarization,likert10,5,0.0338293,2.04364,2.03876,0.183927,0.183488,0.000439312,0.168317,0.000141882,0,0.000367431,0.000141882,0.000842235,0.999986,noise floor: below detection at this scale (≤ 0.21 %p)
exp1_dense,e_7268666f4d91,summarization,likert10,8,0.0210478,1.61198,1.61178,0.145079,0.14506,1.86401e-05,0.168317,0.000141882,0,0.000367431,0.000141882,0.000842235,0.999986,noise floor: below detection at this scale (≤ 0.21 %p)
exp1_dense,e_7268666f4d91,summarization,likert10,10,0.0169524,1.44668,1.44162,0.130201,0.129746,0.000455614,0.168317,0.000141882,0,0.000367431,0.000141882,0.000842235,0.999986,noise floor: below detection at this scale (≤ 0.21 %p)
exp1_dense,e_7268666f4d91,summarization,likert10,20,0.00838061,1.01717,1.01938,0.0915457,0.091744,-0.000198324,0.168317,0.000141882,0,0.000367431,0.000141882,0.000842235,0.999986,noise floor: below detection at this scale (≤ 0.21 %p)
exp3_decay,e_a7cb4136ad0c,summarization,likert5,1,0.0997712,7.89664,7.89664,0.315866,0.315866,0,0.0546249,0.0451825,0.0394491,0.0507867,0.0369888,0.452697,0.999926,noise floor ω = 5.31 %p
exp3_decay,e_a7cb4136ad0c,summarization,likert5,3,0.0636082,6.30517,4.55913,0.252207,0.182365,0.0698414,0.0546249,0.0451825,0.0394491,0.0507867,0.0369888,0.452697,0.999926,noise floor ω = 5.31 %p
exp3_decay,e_a7cb4136ad0c,summarization,likert5,5,0.0559264,5.91219,3.53149,0.236488,0.141259,0.0952281,0.0546249,0.0451825,0.0394491,0.0507867,0.0369888,0.452697,0.999926,noise floor ω = 5.31 %p
exp3_decay8,e_e941458fd533,summarization,likert5,1,0.168581,10.2646,10.2646,0.410586,0.410586,0,0.0535575,0.115071,0.108061,0.121927,0.105698,0.682393,0.999869,noise floor ω = 8.48 %p
exp3_decay8,e_e941458fd533,summarization,likert5,3,0.133206,9.12436,5.9263,0.364974,0.237052,0.127923,0.0535575,0.115071,0.108061,0.121927,0.105698,0.682393,0.999869,noise floor ω = 8.48 %p
exp3_decay8,e_e941458fd533,summarization,likert5,5,0.125546,8.85812,4.59049,0.354325,0.18362,0.170705,0.0535575,0.115071,0.108061,0.121927,0.105698,0.682393,0.999869,noise floor ω = 8.48 %p
spike_fip,e_a269851257be,summarization,likert5,1,0.0825927,7.18473,7.18473,0.287389,0.287389,0,0.0826864,0,0,0.000249011,0,0,0.999956,noise floor: below detection at this scale (≤ 0.39 %p)
spike_fip,e_a269851257be,summarization,likert5,3,0.0270545,4.11206,4.14811,0.164482,0.165924,-0.00144193,0.0826864,0,0,0.000249011,0,0,0.999956,noise floor: below detection at this scale (≤ 0.39 %p)
spike_fip,e_a269851257be,summarization,likert5,5,0.016293,3.1911,3.21311,0.127644,0.128524,-0.000880267,0.0826864,0,0,0.000249011,0,0,0.999956,noise floor: below detection at this scale (≤ 0.39 %p)
spike_fip,e_a269851257be,summarization,likert5,8,0.0103443,2.54267,2.54019,0.101707,0.101607,9.92945e-05,0.0826864,0,0,0.000249011,0,0,0.999956,noise floor: below detection at this scale (≤ 0.39 %p)
spike_fip,e_a269851257be,summarization,likert5,10,0.00820377,2.26437,2.27201,0.0905747,0.0908805,-0.000305822,0.0826864,0,0,0.000249011,0,0,0.999956,noise floor: below detection at this scale (≤ 0.39 %p)
