exp,env_id,task,scale,n_repeats,delta_lo_pp,delta_hi_pp,delta_pp,reversal_pct,ci_lo_pct,ci_hi_pct,n_draws,delta_lo,delta_hi,delta,statement
exp1_alpaca,e_1cfecd45841e,instruction_following,score100,1,0,1.24059,0.550197,27.4606,9.86342,42.2624,1016,0,1.24059,0.550197,a single-run delta = 0.6 %p (0.550 raw) on instruction_following/score100 reverses 27.5% of the time
exp1_alpaca,e_1cfecd45841e,instruction_following,score100,1,1.24059,2.48118,1.49537,0.571429,0,2.29885,175,1.24059,2.48118,1.49537,a single-run delta = 1.5 %p (1.495 raw) on instruction_following/score100 reverses 0.6% of the time
exp1_alpaca,e_1cfecd45841e,instruction_following,score100,5,0,1.24059,0.551881,18.3486,3.24118,33.8435,1090,0,1.24059,0.551881,a 5-run delta = 0.6 %p (0.552 raw) on instruction_following/score100 reverses 18.3% of the time
exp1_alpaca,e_1cfecd45841e,instruction_following,score100,5,1.24059,2.48118,1.34135,0,0,0,110,1.24059,2.48118,1.34135,a 5-run delta = 1.3 %p (1.341 raw) on instruction_following/score100 reverses 0.0% of the time
exp1_alpaca,e_1cfecd45841e,instruction_following,score100,10,0,1.24059,0.555495,14.1682,1.38122,28.972,1094,0,1.24059,0.555495,a 10-run delta = 0.6 %p (0.555 raw) on instruction_following/score100 reverses 14.2% of the time
exp1_alpaca,e_1cfecd45841e,instruction_following,score100,10,1.24059,2.48118,1.32938,0,0,0,106,1.24059,2.48118,1.32938,a 10-run delta = 1.3 %p (1.329 raw) on instruction_following/score100 reverses 0.0% of the time
exp1_alpaca,e_9dae315a7446,instruction_following,likert10,1,0,1.92415,0.789038,20.2691,9.35252,32.2944,1115,0,0.173173,0.0710135,a single-run delta = 0.8 %p (0.071 raw) on instruction_following/likert10 reverses 20.3% of the time
exp1_alpaca,e_9dae315a7446,instruction_following,likert10,1,1.92415,3.8483,2.1634,0,0,0,34,0.173173,0.346347,0.194706,a single-run delta = 2.2 %p (0.195 raw) on instruction_following/likert10 reverses 0.0% of the time
exp1_alpaca,e_9dae315a7446,instruction_following,likert10,5,0,1.92415,0.769727,8.68114,0.502513,23.6667,1198,0,0.173173,0.0692755,a 5-run delta = 0.8 %p (0.069 raw) on instruction_following/likert10 reverses 8.7% of the time
exp1_alpaca,e_9dae315a7446,instruction_following,likert10,5,1.92415,3.8483,2,0,0,0,2,0.173173,0.346347,0.18,a 5-run delta = 2.0 %p (0.180 raw) on instruction_following/likert10 reverses 0.0% of the time
exp1_alpaca,e_9dae315a7446,instruction_following,likert10,10,0,1.92415,0.764406,6.58882,0,19.7665,1199,0,0.173173,0.0687965,a 10-run delta = 0.8 %p (0.069 raw) on instruction_following/likert10 reverses 6.6% of the time
exp1_alpaca,e_9dae315a7446,instruction_following,likert10,10,1.92415,3.8483,2.01111,0,0,0,1,0.173173,0.346347,0.181,a 10-run delta = 2.0 %p (0.181 raw) on instruction_following/likert10 reverses 0.0% of the time
exp1_alpaca,e_dabfcd0d96e0,instruction_following,likert5,1,0,2.13639,1.03188,17.162,6.01178,34.1063,1043,0,0.0854554,0.0412752,a single-run delta = 1.0 %p (0.041 raw) on instruction_following/likert5 reverses 17.2% of the time
exp1_alpaca,e_dabfcd0d96e0,instruction_following,likert5,1,2.13639,4.27277,2.4505,2.9703,0.401606,16.6667,101,0.0854554,0.170911,0.0980198,a single-run delta = 2.5 %p (0.098 raw) on instruction_following/likert5 reverses 3.0% of the time
exp1_alpaca,e_dabfcd0d96e0,instruction_following,likert5,5,0,2.13639,0.966473,10.2679,0,31.0252,1120,0,0.0854554,0.0386589,a 5-run delta = 1.0 %p (0.039 raw) on instruction_following/likert5 reverses 10.3% of the time
exp1_alpaca,e_dabfcd0d96e0,instruction_following,likert5,5,2.13639,4.27277,2.33487,0,0,0,76,0.0854554,0.170911,0.0933947,a 5-run delta = 2.3 %p (0.093 raw) on instruction_following/likert5 reverses 0.0% of the time
exp1_alpaca,e_dabfcd0d96e0,instruction_following,likert5,10,0,2.13639,0.985286,10.0441,0,30.2923,1135,0,0.0854554,0.0394115,a 10-run delta = 1.0 %p (0.039 raw) on instruction_following/likert5 reverses 10.0% of the time
exp1_alpaca,e_dabfcd0d96e0,instruction_following,likert5,10,2.13639,4.27277,2.26169,0,0,0,62,0.0854554,0.170911,0.0904677,a 10-run delta = 2.3 %p (0.090 raw) on instruction_following/likert5 reverses 0.0% of the time
exp1_anchor,e_b842cbff3261,summarization,likert5,1,0,3.50767,1.77032,26.6541,8.12183,45.1694,529,0,0.140307,0.0708129,a single-run delta = 1.8 %p (0.071 raw) on summarization/likert5 reverses 26.7% of the time
exp1_anchor,e_b842cbff3261,summarization,likert5,1,3.50767,7.01534,5.61312,2.0362,0.13624,10.6769,442,0.140307,0.280613,0.224525,a single-run delta = 5.6 %p (0.225 raw) on summarization/likert5 reverses 2.0% of the time
exp1_anchor,e_b842cbff3261,summarization,likert5,1,7.01534,14.0307,8.27374,0,0,0,179,0.280613,0.561227,0.33095,a single-run delta = 8.3 %p (0.331 raw) on summarization/likert5 reverses 0.0% of the time
exp1_anchor,e_b842cbff3261,summarization,likert5,5,0,3.50767,1.52957,12.4786,0.531915,31.8408,585,0,0.140307,0.0611829,a 5-run delta = 1.5 %p (0.061 raw) on summarization/likert5 reverses 12.5% of the time
exp1_anchor,e_b842cbff3261,summarization,likert5,5,3.50767,7.01534,5.69793,0.45977,0,6.66667,435,0.140307,0.280613,0.227917,a 5-run delta = 5.7 %p (0.228 raw) on summarization/likert5 reverses 0.5% of the time
exp1_anchor,e_b842cbff3261,summarization,likert5,5,7.01534,14.0307,7.88944,0,0,0,180,0.280613,0.561227,0.315578,a 5-run delta = 7.9 %p (0.316 raw) on summarization/likert5 reverses 0.0% of the time
exp1_anchor,e_b842cbff3261,summarization,likert5,10,0,3.50767,1.56887,10.1523,0.512821,27.204,591,0,0.140307,0.0627547,a 10-run delta = 1.6 %p (0.063 raw) on summarization/likert5 reverses 10.2% of the time
exp1_anchor,e_b842cbff3261,summarization,likert5,10,3.50767,7.01534,5.63806,0,0,0,423,0.140307,0.280613,0.225522,a 10-run delta = 5.6 %p (0.226 raw) on summarization/likert5 reverses 0.0% of the time
exp1_anchor,e_b842cbff3261,summarization,likert5,10,7.01534,14.0307,7.79511,0,0,0,184,0.280613,0.561227,0.311804,a 10-run delta = 7.8 %p (0.312 raw) on summarization/likert5 reverses 0.0% of the time
exp1_anchor_scales,e_d26d4476fba5,summarization,score100,1,0,1.41797,0.558539,51.1592,30.5556,59.2784,647,0,1.41797,0.558539,a single-run delta = 0.6 %p (0.559 raw) on summarization/score100 reverses 51.2% of the time
exp1_anchor_scales,e_d26d4476fba5,summarization,score100,1,1.41797,2.83594,2.07608,2.8866,0.425068,13.2979,485,1.41797,2.83594,2.07608,a single-run delta = 2.1 %p (2.076 raw) on summarization/score100 reverses 2.9% of the time
exp1_anchor_scales,e_d26d4476fba5,summarization,score100,1,2.83594,5.67188,3.06683,0,0,0,52,2.83594,5.67188,3.06683,a single-run delta = 3.1 %p (3.067 raw) on summarization/score100 reverses 0.0% of the time
exp1_anchor_scales,e_d26d4476fba5,summarization,score100,5,0,1.41797,0.357579,59.7792,43.5115,67.1362,634,0,1.41797,0.357579,a 5-run delta = 0.4 %p (0.358 raw) on summarization/score100 reverses 59.8% of the time
exp1_anchor_scales,e_d26d4476fba5,summarization,score100,5,1.41797,2.83594,2.01723,0,0,0,558,1.41797,2.83594,2.01723,a 5-run delta = 2.0 %p (2.017 raw) on summarization/score100 reverses 0.0% of the time
exp1_anchor_scales,e_d26d4476fba5,summarization,score100,5,2.83594,5.67188,2.94625,0,0,0,8,2.83594,5.67188,2.94625,a 5-run delta = 2.9 %p (2.946 raw) on summarization/score100 reverses 0.0% of the time
exp1_dense,e_200f3c74cbfa,summarization,score100,1,0,1.90587,1.0641,6.66667,0,10.8808,315,0,1.90587,1.0641,a single-run delta = 1.1 %p (1.064 raw) on summarization/score100 reverses 6.7% of the time
exp1_dense,e_200f3c74cbfa,summarization,score100,1,1.90587,3.81175,2.61983,0,0,0,291,1.90587,3.81175,2.61983,a single-run delta = 2.6 %p (2.620 raw) on summarization/score100 reverses 0.0% of the time
exp1_dense,e_200f3c74cbfa,summarization,score100,1,3.81175,7.62349,5.64707,0,0,0,529,3.81175,7.62349,5.64707,a single-run delta = 5.6 %p (5.647 raw) on summarization/score100 reverses 0.0% of the time
exp1_dense,e_200f3c74cbfa,summarization,score100,1,7.62349,15.247,7.98159,0,0,0,63,7.62349,15.247,7.98159,a single-run delta = 8.0 %p (7.982 raw) on summarization/score100 reverses 0.0% of the time
exp1_dense,e_200f3c74cbfa,summarization,score100,5,0,1.90587,1.13562,0,0,0,319,0,1.90587,1.13562,a 5-run delta = 1.1 %p (1.136 raw) on summarization/score100 reverses 0.0% of the time
exp1_dense,e_200f3c74cbfa,summarization,score100,5,1.90587,3.81175,2.47973,0,0,0,281,1.90587,3.81175,2.47973,a 5-run delta = 2.5 %p (2.480 raw) on summarization/score100 reverses 0.0% of the time
exp1_dense,e_200f3c74cbfa,summarization,score100,5,3.81175,7.62349,5.76178,0,0,0,571,3.81175,7.62349,5.76178,a 5-run delta = 5.8 %p (5.762 raw) on summarization/score100 reverses 0.0% of the time
exp1_dense,e_200f3c74cbfa,summarization,score100,5,7.62349,15.247,7.72972,0,0,0,29,7.62349,15.247,7.72972,a 5-run delta = 7.7 %p (7.730 raw) on summarization/score100 reverses 0.0% of the time
exp1_dense,e_200f3c74cbfa,summarization,score100,10,0,1.90587,1.19377,0,0,0,336,0,1.90587,1.19377,a 10-run delta = 1.2 %p (1.194 raw) on summarization/score100 reverses 0.0% of the time
exp1_dense,e_200f3c74cbfa,summarization,score100,10,1.90587,3.81175,2.51027,0,0,0,264,1.90587,3.81175,2.51027,a 10-run delta = 2.5 %p (2.510 raw) on summarization/score100 reverses 0.0% of the time
exp1_dense,e_200f3c74cbfa,summarization,score100,10,3.81175,7.62349,5.81191,0,0,0,588,3.81175,7.62349,5.81191,a 10-run delta = 5.8 %p (5.812 raw) on summarization/score100 reverses 0.0% of the time
exp1_dense,e_200f3c74cbfa,summarization,score100,10,7.62349,15.247,7.6845,0,0,0,12,7.62349,15.247,7.6845,a 10-run delta = 7.7 %p (7.684 raw) on summarization/score100 reverses 0.0% of the time
exp1_dense,e_250190cb1b81,summarization,likert5,1,0,3.19619,1.78846,7.4359,0,14.7757,390,0,0.127848,0.0715385,a single-run delta = 1.8 %p (0.072 raw) on summarization/likert5 reverses 7.4% of the time
exp1_dense,e_250190cb1b81,summarization,likert5,1,3.19619,6.39238,4.61789,0.203252,0,1.55039,492,0.127848,0.255695,0.184715,a single-run delta = 4.6 %p (0.185 raw) on summarization/likert5 reverses 0.2% of the time
exp1_dense,e_250190cb1b81,summarization,likert5,1,6.39238,12.7848,8.09084,0,0,0,311,0.255695,0.511391,0.323633,a single-run delta = 8.1 %p (0.324 raw) on summarization/likert5 reverses 0.0% of the time
exp1_dense,e_250190cb1b81,summarization,likert5,5,0,3.19619,1.92807,0.471698,0,1,424,0,0.127848,0.0771226,a 5-run delta = 1.9 %p (0.077 raw) on summarization/likert5 reverses 0.5% of the time
exp1_dense,e_250190cb1b81,summarization,likert5,5,3.19619,6.39238,4.80572,0,0,0,498,0.127848,0.255695,0.192229,a 5-run delta = 4.8 %p (0.192 raw) on summarization/likert5 reverses 0.0% of the time
exp1_dense,e_250190cb1b81,summarization,likert5,5,6.39238,12.7848,8.10072,0,0,0,278,0.255695,0.511391,0.324029,a 5-run delta = 8.1 %p (0.324 raw) on summarization/likert5 reverses 0.0% of the time
exp1_dense,e_250190cb1b81,summarization,likert5,10,0,3.19619,1.85862,0,0,0,412,0,0.127848,0.0743447,a 10-run delta = 1.9 %p (0.074 raw) on summarization/likert5 reverses 0.0% of the time
exp1_dense,e_250190cb1b81,summarization,likert5,10,3.19619,6.39238,4.80101,0,0,0,520,0.127848,0.255695,0.19204,a 10-run delta = 4.8 %p (0.192 raw) on summarization/likert5 reverses 0.0% of the time
exp1_dense,e_250190cb1b81,summarization,likert5,10,6.39238,12.7848,8.15504,0,0,0,268,0.255695,0.511391,0.326201,a 10-run delta = 8.2 %p (0.326 raw) on summarization/likert5 reverses 0.0% of the time
exp1_dense,e_7268666f4d91,summarization,likert10,1,0,2.3457,1.499,1.50602,0,2.63158,332,0,0.211113,0.13491,a single-run delta = 1.5 %p (0.135 raw) on summarization/likert10 reverses 1.5% of the time
exp1_dense,e_7268666f4d91,summarization,likert10,1,2.3457,4.6914,3.328,0,0,0,271,0.211113,0.422226,0.29952,a single-run delta = 3.3 %p (0.300 raw) on summarization/likert10 reverses 0.0% of the time
exp1_dense,e_7268666f4d91,summarization,likert10,1,4.6914,9.3828,7.00659,0,0,0,489,0.422226,0.844452,0.630593,a single-run delta = 7.0 %p (0.631 raw) on summarization/likert10 reverses 0.0% of the time
exp1_dense,e_7268666f4d91,summarization,likert10,1,9.3828,18.7656,9.90461,0,0,0,106,0.844452,1.6889,0.891415,a single-run delta = 9.9 %p (0.891 raw) on summarization/likert10 reverses 0.0% of the time
exp1_dense,e_7268666f4d91,summarization,likert10,5,0,2.3457,1.64203,0,0,0,359,0,0.211113,0.147783,a 5-run delta = 1.6 %p (0.148 raw) on summarization/likert10 reverses 0.0% of the time
exp1_dense,e_7268666f4d91,summarization,likert10,5,2.3457,4.6914,3.29912,0,0,0,241,0.211113,0.422226,0.296921,a 5-run delta = 3.3 %p (0.297 raw) on summarization/likert10 reverses 0.0% of the time
exp1_dense,e_7268666f4d91,summarization,likert10,5,4.6914,9.3828,7.09268,0,0,0,498,0.422226,0.844452,0.638341,a 5-run delta = 7.1 %p (0.638 raw) on summarization/likert10 reverses 0.0% of the time
exp1_dense,e_7268666f4d91,summarization,likert10,5,9.3828,18.7656,9.60087,0,0,0,102,0.844452,1.6889,0.864078,a 5-run delta = 9.6 %p (0.864 raw) on summarization/likert10 reverses 0.0% of the time
exp1_dense,e_7268666f4d91,summarization,likert10,10,0,2.3457,1.6228,0,0,0,368,0,0.211113,0.146052,a 10-run delta = 1.6 %p (0.146 raw) on summarization/likert10 reverses 0.0% of the time
exp1_dense,e_7268666f4d91,summarization,likert10,10,2.3457,4.6914,3.30575,0,0,0,232,0.211113,0.422226,0.297517,a 10-run delta = 3.3 %p (0.298 raw) on summarization/likert10 reverses 0.0% of the time
exp1_dense,e_7268666f4d91,summarization,likert10,10,4.6914,9.3828,7.12537,0,0,0,501,0.422226,0.844452,0.641283,a 10-run delta = 7.1 %p (0.641 raw) on summarization/likert10 reverses 0.0% of the time
exp1_dense,e_7268666f4d91,summarization,likert10,10,9.3828,18.7656,9.56835,0,0,0,99,0.844452,1.6889,0.861152,a 10-run delta = 9.6 %p (0.861 raw) on summarization/likert10 reverses 0.0% of the time
spike_fip,e_a269851257be,summarization,likert5,1,0,3.84148,2.5,27.2085,3.63032,43.3803,566,0,0.153659,0.1,a single-run delta = 2.5 %p (0.100 raw) on summarization/likert5 reverses 27.2% of the time
spike_fip,e_a269851257be,summarization,likert5,1,3.84148,7.68295,6.02141,7.40741,2.3511,18.9922,432,0.153659,0.307318,0.240856,a single-run delta = 6.0 %p (0.241 raw) on summarization/likert5 reverses 7.4% of the time
spike_fip,e_a269851257be,summarization,likert5,1,7.68295,15.3659,9.60129,0.862069,0,1.31579,116,0.307318,0.614636,0.384052,a single-run delta = 9.6 %p (0.384 raw) on summarization/likert5 reverses 0.9% of the time
spike_fip,e_a269851257be,summarization,likert5,3,0,3.84148,2.13707,20.8481,0,39.8868,566,0,0.153659,0.0854829,a 3-run delta = 2.1 %p (0.085 raw) on summarization/likert5 reverses 20.8% of the time
spike_fip,e_a269851257be,summarization,likert5,3,3.84148,7.68295,5.65609,0.373134,0,1.75439,536,0.153659,0.307318,0.226244,a 3-run delta = 5.7 %p (0.226 raw) on summarization/likert5 reverses 0.4% of the time
spike_fip,e_a269851257be,summarization,likert5,3,7.68295,15.3659,8.67674,1.0989,0,17.381,91,0.307318,0.614636,0.34707,a 3-run delta = 8.7 %p (0.347 raw) on summarization/likert5 reverses 1.1% of the time
spike_fip,e_a269851257be,summarization,likert5,5,0,3.84148,1.96502,20.5224,0,39.1304,536,0,0.153659,0.0786007,a 5-run delta = 2.0 %p (0.079 raw) on summarization/likert5 reverses 20.5% of the time
spike_fip,e_a269851257be,summarization,likert5,5,3.84148,7.68295,5.62585,1.02389,0,4.18266,586,0.153659,0.307318,0.225034,a 5-run delta = 5.6 %p (0.225 raw) on summarization/likert5 reverses 1.0% of the time
spike_fip,e_a269851257be,summarization,likert5,5,7.68295,15.3659,8.50685,0,0,0,73,0.307318,0.614636,0.340274,a 5-run delta = 8.5 %p (0.340 raw) on summarization/likert5 reverses 0.0% of the time
spike_fip,e_a269851257be,summarization,likert5,10,0,3.84148,1.85887,18.4061,0,41.305,527,0,0.153659,0.0743548,a 10-run delta = 1.9 %p (0.074 raw) on summarization/likert5 reverses 18.4% of the time
spike_fip,e_a269851257be,summarization,likert5,10,3.84148,7.68295,5.53998,0.484653,0,3.15789,619,0.153659,0.307318,0.221599,a 10-run delta = 5.5 %p (0.222 raw) on summarization/likert5 reverses 0.5% of the time
spike_fip,e_a269851257be,summarization,likert5,10,7.68295,15.3659,8.21698,0,0,0,53,0.307318,0.614636,0.328679,a 10-run delta = 8.2 %p (0.329 raw) on summarization/likert5 reverses 0.0% of the time
