exp,task,scale,env_id,n_repeats,alpha,mdi_null_pp,mdi_null_smoothed_pp,mdi_null_ci_lo_pp,mdi_null_ci_hi_pp,power,mdi_power_pp,ratio_power,pool_inflation,mdi_null_corrected_pp,mdi_fip_pp,ratio_fip_over_null,abs_diff_pp,mdi_null,mdi_fip,attained_fip,sigma,readoff,n_draws_null,n_draws_fip
exp1_alpaca,instruction_following,likert10,e_9dae315a7446,1,0.01,1.44444,1.44444,1.27806,1.61111,0.8,1.89222,1.31,1,1.44444,2.09559,1.4508,0.651148,0.13,0.188603,true,0.346347,interpolate,1600,1149
exp1_alpaca,instruction_following,likert10,e_9dae315a7446,1,0.05,1.11111,1.11111,1,1.16667,0.8,1.55556,1.4,1,1.11111,1.82437,1.64193,0.713258,0.1,0.164193,true,0.346347,interpolate,1600,1149
exp1_alpaca,instruction_following,likert10,e_9dae315a7446,1,0.1,0.888889,0.888889,0.777778,0.947222,0.8,1.33778,1.505,1,0.888889,1.48534,1.67101,0.596452,0.08,0.133681,true,0.346347,interpolate,1600,1149
exp1_alpaca,instruction_following,likert10,e_9dae315a7446,3,0.01,0.925926,0.925926,0.833611,0.981481,0.8,1.22685,1.325,1.1005,0.841365,,,,0.0833333,,false,0.346347,interpolate,1600,1198
exp1_alpaca,instruction_following,likert10,e_9dae315a7446,3,0.05,0.703704,0.703704,0.648148,0.722222,0.8,1.00278,1.425,1.1005,0.639437,,,,0.0633333,,false,0.346347,interpolate,1600,1198
exp1_alpaca,instruction_following,likert10,e_9dae315a7446,3,0.1,0.574074,0.574074,0.518519,0.592593,0.8,0.872593,1.52,1.1005,0.521646,,,,0.0516667,,false,0.346347,interpolate,1600,1198
exp1_alpaca,instruction_following,likert10,e_9dae315a7446,5,0.01,0.711278,0.711278,0.644667,0.766667,0.8,0.956669,1.345,1.19257,0.596425,,,,0.064015,,false,0.346347,interpolate,1600,1199
exp1_alpaca,instruction_following,likert10,e_9dae315a7446,5,0.05,0.544444,0.544444,0.511667,0.577778,0.8,0.789444,1.45,1.19257,0.456531,,,,0.049,,false,0.346347,interpolate,1600,1199
exp1_alpaca,instruction_following,likert10,e_9dae315a7446,5,0.1,0.477778,0.477778,0.433333,0.5,0.8,0.723833,1.515,1.19257,0.400629,0.773192,1.61831,0.295414,0.043,0.0695873,true,0.346347,interpolate,1600,1199
exp1_alpaca,instruction_following,likert10,e_9dae315a7446,8,0.01,0.666875,0.666875,0.604236,0.73625,0.8,0.876941,1.315,1.31867,0.505718,,,,0.0600187,,false,0.346347,interpolate,1600,1198
exp1_alpaca,instruction_following,likert10,e_9dae315a7446,8,0.05,0.500347,0.500347,0.444618,0.555556,0.8,0.710493,1.42,1.31867,0.379433,,,,0.0450312,,false,0.346347,interpolate,1600,1198
exp1_alpaca,instruction_following,likert10,e_9dae315a7446,8,0.1,0.410069,0.410069,0.388889,0.451389,0.8,0.619205,1.51,1.31867,0.310972,0.763459,1.86178,0.35339,0.0369062,0.0687113,true,0.346347,interpolate,1600,1198
exp1_alpaca,instruction_following,likert10,e_9dae315a7446,10,0.01,0.644528,0.644528,0.55575,0.7,0.8,0.847554,1.315,1.39642,0.461556,,,,0.0580075,,false,0.346347,interpolate,1600,1199
exp1_alpaca,instruction_following,likert10,e_9dae315a7446,10,0.05,0.466667,0.466667,0.427778,0.522222,0.8,0.667333,1.43,1.39642,0.334187,,,,0.042,,false,0.346347,interpolate,1600,1199
exp1_alpaca,instruction_following,likert10,e_9dae315a7446,10,0.1,0.394722,0.394722,0.355556,0.427778,0.8,0.596031,1.51,1.39642,0.282666,0.765432,1.93917,0.37071,0.035525,0.0688889,true,0.346347,interpolate,1600,1199
exp1_alpaca,instruction_following,likert5,e_dabfcd0d96e0,1,0.01,1.625,1.625,1.37562,1.62562,0.8,2.12875,1.31,1,1.625,,,,0.065,,false,0.170911,interpolate,1600,1144
exp1_alpaca,instruction_following,likert5,e_dabfcd0d96e0,1,0.05,1.25,1.25,1.125,1.25,0.8,1.75,1.4,1,1.25,2.2476,1.79808,0.997605,0.05,0.0899042,true,0.170911,interpolate,1600,1144
exp1_alpaca,instruction_following,likert5,e_dabfcd0d96e0,1,0.1,1,1,0.875,1,0.8,1.505,1.505,1,1,1.7478,1.7478,0.747801,0.04,0.069912,true,0.170911,interpolate,1600,1144
exp1_alpaca,instruction_following,likert5,e_dabfcd0d96e0,3,0.01,0.958333,0.958333,0.875,1.00021,0.8,1.29375,1.35,1.1005,0.870812,2.21789,2.31432,1.25956,0.0383333,0.0887156,true,0.170911,interpolate,1600,1200
exp1_alpaca,instruction_following,likert5,e_dabfcd0d96e0,3,0.05,0.75,0.75,0.666667,0.75,0.8,1.08375,1.445,1.1005,0.681505,1.72582,2.30109,0.975819,0.03,0.0690327,true,0.170911,interpolate,1600,1200
exp1_alpaca,instruction_following,likert5,e_dabfcd0d96e0,3,0.1,0.583333,0.583333,0.54375,0.666667,0.8,0.91875,1.575,1.1005,0.53006,1.11073,1.90411,0.527395,0.0233333,0.0444291,true,0.170911,interpolate,1600,1200
exp1_alpaca,instruction_following,likert5,e_dabfcd0d96e0,5,0.01,0.77525,0.77525,0.725125,0.875,0.8,1.02721,1.325,1.19257,0.650067,2.16501,2.79266,1.38976,0.03101,0.0866004,true,0.170911,interpolate,1600,1200
exp1_alpaca,instruction_following,likert5,e_dabfcd0d96e0,5,0.05,0.6,0.6,0.55,0.65,0.8,0.852,1.42,1.19257,0.503115,1.64583,2.74305,1.04583,0.024,0.0658332,true,0.170911,interpolate,1600,1200
exp1_alpaca,instruction_following,likert5,e_dabfcd0d96e0,5,0.1,0.5,0.5,0.475,0.55,0.8,0.75,1.5,1.19257,0.419263,0.996852,1.9937,0.496852,0.02,0.0398741,true,0.170911,interpolate,1600,1200
exp1_alpaca,instruction_following,likert5,e_dabfcd0d96e0,8,0.01,0.734375,0.734375,0.640703,0.75,0.8,0.987734,1.345,1.31867,0.556906,2.15393,2.93301,1.41955,0.029375,0.086157,true,0.170911,interpolate,1600,1193
exp1_alpaca,instruction_following,likert5,e_dabfcd0d96e0,8,0.05,0.547266,0.547266,0.5,0.578125,0.8,0.799008,1.46,1.31867,0.415014,1.6903,3.08863,1.14304,0.0218906,0.0676121,true,0.170911,interpolate,1600,1193
exp1_alpaca,instruction_following,likert5,e_dabfcd0d96e0,8,0.1,0.453125,0.453125,0.40625,0.484375,0.8,0.704609,1.555,1.31867,0.343623,1.11077,2.45136,0.657649,0.018125,0.044431,true,0.170911,interpolate,1600,1193
exp1_alpaca,instruction_following,likert5,e_dabfcd0d96e0,10,0.01,0.687687,0.687687,0.587562,0.8375,0.8,0.914624,1.33,1.39642,0.492463,2.15959,3.14037,1.4719,0.0275075,0.0863837,true,0.170911,interpolate,1600,1199
exp1_alpaca,instruction_following,likert5,e_dabfcd0d96e0,10,0.05,0.525,0.525,0.45,0.5375,0.8,0.75075,1.43,1.39642,0.37596,1.66621,3.17374,1.14121,0.021,0.0666484,true,0.170911,interpolate,1600,1199
exp1_alpaca,instruction_following,likert5,e_dabfcd0d96e0,10,0.1,0.425,0.425,0.3875,0.45,0.8,0.65025,1.53,1.39642,0.304349,1.04949,2.46938,0.624486,0.017,0.0419794,true,0.170911,interpolate,1600,1199
exp1_alpaca,instruction_following,score100,e_1cfecd45841e,1,0.01,0.920025,0.920025,0.795125,0.96,0.8,1.20063,1.305,1,0.920025,1.48031,1.60899,0.560282,0.920025,1.48031,true,2.48118,interpolate,1600,1191
exp1_alpaca,instruction_following,score100,e_1cfecd45841e,1,0.05,0.65025,0.65025,0.59025,0.69,0.8,0.933109,1.435,1,0.65025,1.3397,2.06029,0.689454,0.65025,1.3397,true,2.48118,interpolate,1600,1191
exp1_alpaca,instruction_following,score100,e_1cfecd45841e,1,0.1,0.55,0.55,0.50525,0.56525,0.8,0.8305,1.51,1,0.55,1.16395,2.11627,0.61395,0.55,1.16395,true,2.48118,interpolate,1600,1191
exp1_alpaca,instruction_following,score100,e_1cfecd45841e,3,0.01,0.59835,0.59835,0.5684,0.648375,0.8,0.780847,1.305,1.1005,0.543705,1.33337,2.22842,0.735023,0.59835,1.33337,true,2.48118,interpolate,1600,1200
exp1_alpaca,instruction_following,score100,e_1cfecd45841e,3,0.05,0.453375,0.453375,0.442083,0.461708,0.8,0.634725,1.4,1.1005,0.41197,1.15851,2.5553,0.705135,0.453375,1.15851,true,2.48118,interpolate,1600,1200
exp1_alpaca,instruction_following,score100,e_1cfecd45841e,3,0.1,0.378333,0.378333,0.35,0.395,0.8,0.559933,1.48,1.1005,0.343782,0.939932,2.4844,0.561599,0.378333,0.939932,true,2.48118,interpolate,1600,1200
exp1_alpaca,instruction_following,score100,e_1cfecd45841e,5,0.01,0.475085,0.475085,0.422245,0.538,0.8,0.641365,1.35,1.19257,0.398371,1.30362,2.74398,0.828539,0.475085,1.30362,true,2.48118,interpolate,1600,1199
exp1_alpaca,instruction_following,score100,e_1cfecd45841e,5,0.05,0.378025,0.378025,0.33425,0.423075,0.8,0.542466,1.435,1.19257,0.316984,1.13599,3.00506,0.757964,0.378025,1.13599,true,2.48118,interpolate,1600,1199
exp1_alpaca,instruction_following,score100,e_1cfecd45841e,5,0.1,0.317,0.317,0.2841,0.347,0.8,0.48184,1.52,1.19257,0.265813,0.926446,2.92254,0.609446,0.317,0.926446,true,2.48118,interpolate,1600,1199
exp1_alpaca,instruction_following,score100,e_1cfecd45841e,8,0.01,0.426281,0.426281,0.368194,0.464378,0.8,0.556297,1.305,1.31867,0.323266,1.2844,3.01303,0.858116,0.426281,1.2844,true,2.48118,interpolate,1600,1198
exp1_alpaca,instruction_following,score100,e_1cfecd45841e,8,0.05,0.320656,0.320656,0.290564,0.348125,0.8,0.450522,1.405,1.31867,0.243167,1.07681,3.35813,0.756149,0.320656,1.07681,true,2.48118,interpolate,1600,1198
exp1_alpaca,instruction_following,score100,e_1cfecd45841e,8,0.1,0.269469,0.269469,0.24375,0.295625,0.8,0.398814,1.48,1.31867,0.204349,0.817315,3.03306,0.547847,0.269469,0.817315,true,2.48118,interpolate,1600,1198
exp1_alpaca,instruction_following,score100,e_1cfecd45841e,10,0.01,0.413008,0.413008,0.353515,0.435577,0.8,0.5493,1.33,1.39642,0.295761,1.26813,3.07047,0.855121,0.413008,1.26813,true,2.48118,interpolate,1600,1200
exp1_alpaca,instruction_following,score100,e_1cfecd45841e,10,0.05,0.299575,0.299575,0.275,0.321075,0.8,0.435882,1.455,1.39642,0.21453,1.04964,3.50378,0.750069,0.299575,1.04964,true,2.48118,interpolate,1600,1200
exp1_alpaca,instruction_following,score100,e_1cfecd45841e,10,0.1,0.25305,0.25305,0.2245,0.270525,0.8,0.388432,1.535,1.39642,0.181213,0.776538,3.06872,0.523488,0.25305,0.776538,true,2.48118,interpolate,1600,1200
exp1_anchor,summarization,likert5,e_b842cbff3261,1,0.01,3.5,3.5,3,4.25,0.8,4.515,1.29,1,3.5,6.96708,1.9906,3.46708,0.14,0.278683,true,0.280613,interpolate,1600,1150
exp1_anchor,summarization,likert5,e_b842cbff3261,1,0.05,3,3,2.5,3.25,0.8,4.005,1.335,1,3,5.15048,1.71683,2.15048,0.12,0.206019,true,0.280613,interpolate,1600,1150
exp1_anchor,summarization,likert5,e_b842cbff3261,1,0.1,2.5,2.5,2,2.5,0.8,3.5,1.4,1,2.5,4.36999,1.748,1.86999,0.1,0.1748,true,0.280613,interpolate,1600,1150
exp1_anchor,summarization,likert5,e_b842cbff3261,3,0.01,2.58333,2.58333,2.33333,2.91708,0.8,3.42292,1.325,1.25814,2.0533,5.38835,2.08581,2.80501,0.103333,0.215534,true,0.280613,interpolate,1600,1198
exp1_anchor,summarization,likert5,e_b842cbff3261,3,0.05,2,2,1.75208,2.16667,0.8,2.84,1.42,1.25814,1.58965,4.26474,2.13237,2.26474,0.08,0.17059,true,0.280613,interpolate,1600,1198
exp1_anchor,summarization,likert5,e_b842cbff3261,3,0.1,1.66667,1.66667,1.58333,1.83333,0.8,2.50833,1.505,1.25814,1.32471,2.86023,1.71614,1.19356,0.0666667,0.114409,true,0.280613,interpolate,1600,1198
exp1_anchor,summarization,likert5,e_b842cbff3261,5,0.01,2.4,2.4,2.05025,2.5005,0.8,3.204,1.335,1.47168,1.63079,5.32017,2.21674,2.92017,0.096,0.212807,true,0.280613,interpolate,1600,1198
exp1_anchor,summarization,likert5,e_b842cbff3261,5,0.05,1.85125,1.85125,1.75125,2,0.8,2.65654,1.435,1.47168,1.25792,3.98726,2.15382,2.13601,0.07405,0.15949,true,0.280613,interpolate,1600,1198
exp1_anchor,summarization,likert5,e_b842cbff3261,5,0.1,1.6,1.6,1.4025,1.6525,0.8,2.408,1.505,1.47168,1.0872,2.32113,1.4507,0.721126,0.064,0.092845,true,0.280613,interpolate,1600,1198
exp1_anchor,summarization,likert5,e_b842cbff3261,8,0.01,,,,,,,,,,5.47723,,,,0.219089,true,0.280613,interpolate,,1195
exp1_anchor,summarization,likert5,e_b842cbff3261,8,0.05,,,,,,,,,,3.78155,,,,0.151262,true,0.280613,interpolate,,1195
exp1_anchor,summarization,likert5,e_b842cbff3261,8,0.1,,,,,,,,,,1.66195,,,,0.0664779,true,0.280613,interpolate,,1195
exp1_anchor,summarization,likert5,e_b842cbff3261,10,0.01,,,,,,,,,,5.21704,,,,0.208682,true,0.280613,interpolate,,1200
exp1_anchor,summarization,likert5,e_b842cbff3261,10,0.05,,,,,,,,,,3.44017,,,,0.137607,true,0.280613,interpolate,,1200
exp1_anchor,summarization,likert5,e_b842cbff3261,10,0.1,,,,,,,,,,1.55377,,,,0.0621507,true,0.280613,interpolate,,1200
exp1_anchor_scales,summarization,score100,e_d26d4476fba5,1,0.01,1.5625,1.5625,1.4505,1.65,0.8,2.09375,1.34,1,1.5625,2.7236,1.74311,1.1611,1.5625,2.7236,true,2.83594,interpolate,1600,1184
exp1_anchor_scales,summarization,score100,e_d26d4476fba5,1,0.05,1.225,1.225,1.1875,1.2875,0.8,1.75175,1.43,1,1.225,2.00964,1.64053,0.784644,1.225,2.00964,true,2.83594,interpolate,1600,1184
exp1_anchor_scales,summarization,score100,e_d26d4476fba5,1,0.1,1.0375,1.0375,0.963125,1.1,0.8,1.56663,1.51,1,1.0375,1.85246,1.7855,0.814959,1.0375,1.85246,true,2.83594,interpolate,1600,1184
exp1_anchor_scales,summarization,score100,e_d26d4476fba5,5,0.01,1.04757,1.04757,1.02507,1.17264,0.8,1.37232,1.31,1.47196,0.711687,1.98947,1.89912,0.941893,1.04757,1.98947,true,2.83594,interpolate,1600,1200
exp1_anchor_scales,summarization,score100,e_d26d4476fba5,5,0.05,0.83525,0.83525,0.775125,0.905062,0.8,1.15682,1.385,1.47196,0.567441,1.87842,2.24893,1.04317,0.83525,1.87842,true,2.83594,interpolate,1600,1200
exp1_anchor_scales,summarization,score100,e_d26d4476fba5,5,0.1,0.692625,0.692625,0.64275,0.74275,0.8,1.0147,1.465,1.47196,0.470546,1.7396,2.51161,1.04698,0.692625,1.7396,true,2.83594,interpolate,1600,1200
exp1_dense,summarization,likert10,e_7268666f4d91,1,0.01,1.7225,1.7225,1.55583,1.83333,0.8,2.28231,1.325,1,1.7225,2.11354,1.22702,0.391042,0.155025,0.190219,true,0.422226,interpolate,1600,1198
exp1_dense,summarization,likert10,e_7268666f4d91,1,0.05,1.27778,1.27778,1.22222,1.38889,0.8,1.83361,1.435,1,1.27778,1.499,1.17313,0.221218,0.115,0.13491,true,0.422226,interpolate,1600,1198
exp1_dense,summarization,likert10,e_7268666f4d91,1,0.1,1.11111,1.11111,1.05556,1.22222,0.8,1.67222,1.505,1,1.11111,1.499,1.3491,0.387885,0.1,0.13491,true,0.422226,interpolate,1600,1198
exp1_dense,summarization,likert10,e_7268666f4d91,3,0.01,1.05565,1.05565,1.01852,1.12963,0.8,1.39346,1.32,1.1005,0.95924,1.59515,1.51107,0.539506,0.0950083,0.143564,true,0.422226,interpolate,1600,1200
exp1_dense,summarization,likert10,e_7268666f4d91,3,0.05,0.814815,0.814815,0.759259,0.889352,0.8,1.14889,1.41,1.1005,0.740401,1.59515,1.95769,0.780339,0.0733333,0.143564,true,0.422226,interpolate,1600,1200
exp1_dense,summarization,likert10,e_7268666f4d91,3,0.1,0.667593,0.667593,0.648148,0.722222,0.8,1.00139,1.5,1.1005,0.606624,1.59515,2.38941,0.927562,0.0600833,0.143564,true,0.422226,interpolate,1600,1200
exp1_dense,summarization,likert10,e_7268666f4d91,5,0.01,0.922278,0.922278,0.866833,0.922278,0.8,1.2128,1.315,1.19257,0.773353,1.62378,1.76062,0.701501,0.083005,0.14614,true,0.422226,interpolate,1600,1200
exp1_dense,summarization,likert10,e_7268666f4d91,5,0.05,0.688889,0.688889,0.655833,0.7,0.8,0.978222,1.42,1.19257,0.577651,1.62378,2.3571,0.93489,0.062,0.14614,true,0.422226,interpolate,1600,1200
exp1_dense,summarization,likert10,e_7268666f4d91,5,0.1,0.566667,0.566667,0.556111,0.577778,0.8,0.855667,1.51,1.19257,0.475164,1.62378,2.86549,1.05711,0.051,0.14614,true,0.422226,interpolate,1600,1200
exp1_dense,summarization,likert10,e_7268666f4d91,8,0.01,0.798681,0.798681,0.777847,0.812535,0.8,1.06624,1.335,1.31867,0.605672,1.62735,2.03755,0.828667,0.0718812,0.146461,true,0.422226,interpolate,1600,1200
exp1_dense,summarization,likert10,e_7268666f4d91,8,0.05,0.583333,0.583333,0.555382,0.611458,0.8,0.84875,1.455,1.31867,0.442365,1.62735,2.78974,1.04401,0.0525,0.146461,true,0.422226,interpolate,1600,1200
exp1_dense,summarization,likert10,e_7268666f4d91,8,0.1,0.493056,0.493056,0.45816,0.535417,0.8,0.759306,1.54,1.31867,0.373904,1.62735,3.30054,1.13429,0.044375,0.146461,true,0.422226,interpolate,1600,1200
exp1_dense,summarization,likert10,e_7268666f4d91,10,0.01,0.755667,0.755667,0.694556,0.844444,0.8,1.01259,1.34,1.39642,0.541144,1.65465,2.18966,0.898984,0.06801,0.148919,true,0.422226,interpolate,1600,1200
exp1_dense,summarization,likert10,e_7268666f4d91,10,0.05,0.577778,0.577778,0.538889,0.61125,0.8,0.834889,1.445,1.39642,0.413755,1.65465,2.86382,1.07687,0.052,0.148919,true,0.422226,interpolate,1600,1200
exp1_dense,summarization,likert10,e_7268666f4d91,10,0.1,0.477778,0.477778,0.450278,0.528056,0.8,0.733389,1.535,1.39642,0.342144,1.65465,3.46322,1.17687,0.043,0.148919,true,0.422226,interpolate,1600,1200
exp1_dense,summarization,likert5,e_250190cb1b81,1,0.01,2.375,2.375,2.125,2.875,0.8,3.135,1.32,1,2.375,4.3062,1.81314,1.9312,0.095,0.172248,true,0.255695,interpolate,1600,1193
exp1_dense,summarization,likert5,e_250190cb1b81,1,0.05,1.75312,1.75312,1.625,1.875,0.8,2.50697,1.43,1,1.75312,2.74139,1.56372,0.988264,0.070125,0.109656,true,0.255695,interpolate,1600,1193
exp1_dense,summarization,likert5,e_250190cb1b81,1,0.1,1.5,1.5,1.25,1.5,0.8,2.2575,1.505,1,1.5,1.78846,1.19231,0.288462,0.06,0.0715385,true,0.255695,interpolate,1600,1193
exp1_dense,summarization,likert5,e_250190cb1b81,3,0.01,1.54167,1.54167,1.33354,1.625,0.8,1.96562,1.275,1.1005,1.40087,2.36131,1.53166,0.819639,0.0616667,0.0944522,true,0.255695,interpolate,1600,1200
exp1_dense,summarization,likert5,e_250190cb1b81,3,0.05,1.12604,1.12604,1.04167,1.20833,0.8,1.54831,1.375,1.1005,1.0232,1.92336,1.70808,0.797323,0.0450417,0.0769346,true,0.255695,interpolate,1600,1200
exp1_dense,summarization,likert5,e_250190cb1b81,3,0.1,0.916667,0.916667,0.833333,1.00208,0.8,1.33375,1.455,1.1005,0.832951,1.92336,2.09822,1.0067,0.0366667,0.0769346,true,0.255695,interpolate,1600,1200
exp1_dense,summarization,likert5,e_250190cb1b81,5,0.01,1.22512,1.22512,1.10013,1.30012,0.8,1.62942,1.33,1.19257,1.0273,1.88134,1.53563,0.656213,0.049005,0.0752535,true,0.255695,interpolate,1600,1200
exp1_dense,summarization,likert5,e_250190cb1b81,5,0.05,0.925625,0.925625,0.850625,0.975625,0.8,1.32827,1.435,1.19257,0.77616,1.88134,2.03251,0.955713,0.037025,0.0752535,true,0.255695,interpolate,1600,1200
exp1_dense,summarization,likert5,e_250190cb1b81,5,0.1,0.8,0.8,0.725,0.85,0.8,1.204,1.505,1.19257,0.67082,1.88134,2.35167,1.08134,0.032,0.0752535,true,0.255695,interpolate,1600,1200
exp1_dense,summarization,likert5,e_250190cb1b81,8,0.01,1.10945,1.10945,0.937734,1.15633,0.8,1.45338,1.31,1.31867,0.841343,1.87179,1.68713,0.76234,0.0443781,0.0748717,true,0.255695,interpolate,1600,1200
exp1_dense,summarization,likert5,e_250190cb1b81,8,0.05,0.84375,0.84375,0.734766,0.875781,0.8,1.18969,1.41,1.31867,0.63985,1.87179,2.21842,1.02804,0.03375,0.0748717,true,0.255695,interpolate,1600,1200
exp1_dense,summarization,likert5,e_250190cb1b81,8,0.1,0.6875,0.6875,0.609375,0.750781,0.8,1.03125,1.5,1.31867,0.521359,1.87179,2.72261,1.18429,0.0275,0.0748717,true,0.255695,interpolate,1600,1200
exp1_dense,summarization,likert5,e_250190cb1b81,10,0.01,1.08756,1.08756,0.912687,1.16262,0.8,1.39208,1.28,1.39642,0.77882,1.81505,1.66891,0.727487,0.0435025,0.072602,true,0.255695,interpolate,1600,1200
exp1_dense,summarization,likert5,e_250190cb1b81,10,0.05,0.775,0.775,0.638125,0.875,0.8,1.07725,1.39,1.39642,0.554989,1.81505,2.342,1.04005,0.031,0.072602,true,0.255695,interpolate,1600,1200
exp1_dense,summarization,likert5,e_250190cb1b81,10,0.1,0.6375,0.6375,0.550625,0.725,0.8,0.940312,1.475,1.39642,0.456523,1.81505,2.84714,1.17755,0.0255,0.072602,true,0.255695,interpolate,1600,1200
exp1_dense,summarization,score100,e_200f3c74cbfa,1,0.01,1.37505,1.37505,1.33513,1.3901,0.8,1.82882,1.33,1,1.37505,2.38647,1.73555,1.01142,1.37505,2.38647,true,3.81175,interpolate,1600,1198
exp1_dense,summarization,score100,e_200f3c74cbfa,1,0.05,1.06512,1.06512,1.00062,1.09,0.8,1.5178,1.425,1,1.06512,1.45303,1.36419,0.387903,1.06512,1.45303,true,3.81175,interpolate,1600,1198
exp1_dense,summarization,score100,e_200f3c74cbfa,1,0.1,0.90575,0.90575,0.85,0.93525,0.8,1.35862,1.5,1,0.90575,1.0641,1.17482,0.158345,0.90575,1.0641,true,3.81175,interpolate,1600,1198
exp1_dense,summarization,score100,e_200f3c74cbfa,3,0.01,0.8551,0.8551,0.771742,0.925,0.8,1.12446,1.315,1.1005,0.777007,1.14667,1.34097,0.291567,0.8551,1.14667,true,3.81175,interpolate,1600,1200
exp1_dense,summarization,score100,e_200f3c74cbfa,3,0.05,0.645042,0.645042,0.600125,0.670208,0.8,0.912734,1.415,1.1005,0.586132,1.14667,1.77766,0.501625,0.645042,1.14667,true,3.81175,interpolate,1600,1200
exp1_dense,summarization,score100,e_200f3c74cbfa,3,0.1,0.553583,0.553583,0.525417,0.5885,0.8,0.822071,1.485,1.1005,0.503027,1.14667,2.07135,0.593083,0.553583,1.14667,true,3.81175,interpolate,1600,1200
exp1_dense,summarization,score100,e_200f3c74cbfa,5,0.01,0.728005,0.728005,0.709005,0.745005,0.8,0.968247,1.33,1.19257,0.610451,1.14861,1.57775,0.420606,0.728005,1.14861,true,3.81175,interpolate,1600,1200
exp1_dense,summarization,score100,e_200f3c74cbfa,5,0.05,0.535175,0.535175,0.521225,0.55205,0.8,0.776004,1.45,1.19257,0.448758,1.14861,2.14623,0.613436,0.535175,1.14861,true,3.81175,interpolate,1600,1200
exp1_dense,summarization,score100,e_200f3c74cbfa,5,0.1,0.45305,0.45305,0.44075,0.4782,0.8,0.693166,1.53,1.19257,0.379894,1.14861,2.53529,0.695561,0.45305,1.14861,true,3.81175,interpolate,1600,1200
exp1_dense,summarization,score100,e_200f3c74cbfa,8,0.01,0.633819,0.633819,0.577622,0.714403,0.8,0.846148,1.335,1.31867,0.48065,1.20321,1.89835,0.569389,0.633819,1.20321,true,3.81175,interpolate,1600,1200
exp1_dense,summarization,score100,e_200f3c74cbfa,8,0.05,0.498156,0.498156,0.466297,0.523156,0.8,0.709873,1.425,1.31867,0.377772,1.20321,2.41532,0.705052,0.498156,1.20321,true,3.81175,interpolate,1600,1200
exp1_dense,summarization,score100,e_200f3c74cbfa,8,0.1,0.412562,0.412562,0.396281,0.435656,0.8,0.622969,1.51,1.31867,0.312863,1.20321,2.91643,0.790645,0.412562,1.20321,true,3.81175,interpolate,1600,1200
exp1_dense,summarization,score100,e_200f3c74cbfa,10,0.01,0.62402,0.62402,0.60766,0.63,0.8,0.814346,1.305,1.39642,0.44687,1.19009,1.90713,0.566069,0.62402,1.19009,true,3.81175,interpolate,1600,1200
exp1_dense,summarization,score100,e_200f3c74cbfa,10,0.05,0.458075,0.458075,0.449587,0.469525,0.8,0.648176,1.415,1.39642,0.328034,1.19009,2.59802,0.732014,0.458075,1.19009,true,3.81175,interpolate,1600,1200
exp1_dense,summarization,score100,e_200f3c74cbfa,10,0.1,0.386575,0.386575,0.3502,0.40205,0.8,0.57793,1.495,1.39642,0.276832,1.19009,3.07855,0.803514,0.386575,1.19009,true,3.81175,interpolate,1600,1200
exp1_ladder,summarization,likert5,e_250190cb1b81,1,0.01,2.5,2.5,2.12623,2.625,0.8,3.2625,1.305,1,2.5,4.6594,1.86376,2.1594,0.1,0.186376,true,0.261523,interpolate,4400,10948
exp1_ladder,summarization,likert5,e_250190cb1b81,1,0.05,1.875,1.875,1.75,1.875,0.8,2.625,1.4,1,1.875,3.4527,1.84144,1.5777,0.075,0.138108,true,0.261523,interpolate,4400,10948
exp1_ladder,summarization,likert5,e_250190cb1b81,1,0.1,1.5,1.5,1.5,1.625,0.8,2.2575,1.505,1,1.5,1.94433,1.29622,0.444334,0.06,0.0777734,true,0.261523,interpolate,4400,10948
exp1_ladder,summarization,likert5,e_250190cb1b81,3,0.01,1.54167,1.54167,1.41667,1.625,0.8,2.04271,1.325,1.1005,1.40087,4.32133,2.80303,2.77967,0.0616667,0.172853,true,0.261523,interpolate,4400,10999
exp1_ladder,summarization,likert5,e_250190cb1b81,3,0.05,1.16667,1.16667,1.08333,1.25,0.8,1.66833,1.43,1.1005,1.06012,2.15531,1.84741,0.988644,0.0466667,0.0862124,true,0.261523,interpolate,4400,10999
exp1_ladder,summarization,likert5,e_250190cb1b81,3,0.1,1,1,0.916667,1.04167,0.8,1.5,1.5,1.1005,0.908674,1.82544,1.82544,0.825442,0.04,0.0730177,true,0.261523,interpolate,4400,10999
exp1_ladder,summarization,likert5,e_250190cb1b81,5,0.01,1.3,1.3,1.20012,1.375,0.8,1.703,1.31,1.19257,1.09008,4.26317,3.27936,2.96317,0.052,0.170527,true,0.261523,interpolate,4400,11000
exp1_ladder,summarization,likert5,e_250190cb1b81,5,0.05,0.95,0.95,0.925,1,0.8,1.35375,1.425,1.19257,0.796599,1.93084,2.03246,0.980841,0.038,0.0772337,true,0.261523,interpolate,4400,11000
exp1_ladder,summarization,likert5,e_250190cb1b81,5,0.1,0.8,0.8,0.75,0.85,0.8,1.204,1.505,1.19257,0.67082,1.8019,2.25238,1.0019,0.032,0.0720762,true,0.261523,interpolate,4400,11000
exp1_ladder,summarization,likert5,e_250190cb1b81,8,0.01,1.125,1.125,1.06266,1.20312,0.8,1.47375,1.31,1.31867,0.853133,4.13937,3.67944,3.01437,0.045,0.165575,true,0.261523,interpolate,4400,10994
exp1_ladder,summarization,likert5,e_250190cb1b81,8,0.05,0.84375,0.84375,0.796875,0.90625,0.8,1.18969,1.41,1.31867,0.63985,1.80789,2.14268,0.964139,0.03375,0.0723156,true,0.261523,interpolate,4400,10994
exp1_ladder,summarization,likert5,e_250190cb1b81,8,0.1,0.71875,0.71875,0.65625,0.765625,0.8,1.06375,1.48,1.31867,0.545057,1.80789,2.51532,1.08914,0.02875,0.0723156,true,0.261523,interpolate,4400,10994
exp1_ladder,summarization,likert5,e_250190cb1b81,10,0.01,1.03756,1.03756,0.962563,1.10006,0.8,1.39033,1.34,1.39642,0.743014,4.0346,3.88854,2.99704,0.0415025,0.161384,true,0.261523,interpolate,4400,11000
exp1_ladder,summarization,likert5,e_250190cb1b81,10,0.05,0.787813,0.787813,0.75,0.8375,0.8,1.13839,1.445,1.39642,0.564164,1.79799,2.28226,1.01018,0.0315125,0.0719198,true,0.261523,interpolate,4400,11000
exp1_ladder,summarization,likert5,e_250190cb1b81,10,0.1,0.675,0.675,0.625,0.688125,0.8,1.026,1.52,1.39642,0.483378,1.79799,2.6637,1.12299,0.027,0.0719198,true,0.261523,interpolate,4400,11000
exp1_ladder,summarization,likert5,e_250190cb1b81,20,0.01,,,,,,,,,,3.70481,,,,0.148192,true,0.261523,interpolate,,11000
exp1_ladder,summarization,likert5,e_250190cb1b81,20,0.05,,,,,,,,,,1.79774,,,,0.0719095,true,0.261523,interpolate,,11000
exp1_ladder,summarization,likert5,e_250190cb1b81,20,0.1,,,,,,,,,,1.79774,,,,0.0719095,true,0.261523,interpolate,,11000
spike_fip,summarization,likert5,e_a269851257be,1,0.01,6.25,6.25,5,6.875,,,,,,9.52585,1.52414,3.27585,0.25,0.381034,true,0.307318,interpolate,1600,1114
spike_fip,summarization,likert5,e_a269851257be,1,0.05,5,5,3.75,5,,,,,,7.33811,1.46762,2.33811,0.2,0.293524,true,0.307318,interpolate,1600,1114
spike_fip,summarization,likert5,e_a269851257be,1,0.1,3.75,3.75,3.125,4.375,,,,,,5.56035,1.48276,1.81035,0.15,0.222414,true,0.307318,interpolate,1600,1114
spike_fip,summarization,likert5,e_a269851257be,3,0.01,4.58333,4.58333,3.95833,4.79167,,,,,,,,,0.183333,,false,0.307318,interpolate,1600,1193
spike_fip,summarization,likert5,e_a269851257be,3,0.05,3.33854,3.33854,2.70833,3.75,,,,,,4.86088,1.45599,1.52233,0.133542,0.194435,true,0.307318,interpolate,1600,1193
spike_fip,summarization,likert5,e_a269851257be,3,0.1,2.91667,2.91667,2.29167,3.33333,,,,,,4.00153,1.37195,1.08486,0.116667,0.160061,true,0.307318,interpolate,1600,1193
spike_fip,summarization,likert5,e_a269851257be,5,0.01,4.125,4.125,3.25,4.5,,,,,,5.69308,1.38014,1.56808,0.165,0.227723,true,0.307318,interpolate,1600,1195
spike_fip,summarization,likert5,e_a269851257be,5,0.05,3,3,2.5,3.37812,,,,,,4.87934,1.62645,1.87934,0.12,0.195174,true,0.307318,interpolate,1600,1195
spike_fip,summarization,likert5,e_a269851257be,5,0.1,2.5,2.5,1.875,2.75625,,,,,,3.94059,1.57624,1.44059,0.1,0.157624,true,0.307318,interpolate,1600,1195
spike_fip,summarization,likert5,e_a269851257be,8,0.01,3.67188,3.67188,3.03908,3.75039,,,,,,5.39728,1.4699,1.7254,0.146875,0.215891,true,0.307318,interpolate,1600,1186
spike_fip,summarization,likert5,e_a269851257be,8,0.05,2.65625,2.65625,2.11318,2.96875,,,,,,4.72014,1.77699,2.06389,0.10625,0.188806,true,0.307318,interpolate,1600,1186
spike_fip,summarization,likert5,e_a269851257be,8,0.1,2.1875,2.1875,1.79687,2.42188,,,,,,3.87372,1.77084,1.68622,0.0875,0.154949,true,0.307318,interpolate,1600,1186
spike_fip,summarization,likert5,e_a269851257be,10,0.01,,,,,,,,,,5.54464,,,,0.221786,true,0.307318,interpolate,,1198
spike_fip,summarization,likert5,e_a269851257be,10,0.05,,,,,,,,,,4.78855,,,,0.191542,true,0.307318,interpolate,,1198
spike_fip,summarization,likert5,e_a269851257be,10,0.1,,,,,,,,,,3.84344,,,,0.153737,true,0.307318,interpolate,,1198
spike_fip,summarization,likert5,e_a269851257be,20,0.01,,,,,,,,,,5.39686,,,,0.215874,true,0.307318,interpolate,,1199
spike_fip,summarization,likert5,e_a269851257be,20,0.05,,,,,,,,,,4.63137,,,,0.185255,true,0.307318,interpolate,,1199
spike_fip,summarization,likert5,e_a269851257be,20,0.1,,,,,,,,,,3.67451,,,,0.14698,true,0.307318,interpolate,,1199
