exp,task,scale,env_id,alpha,power,target_improvement_pp,recommended_n,mdi_at_recommended_pp,target_improvement_raw
exp1_alpaca,instruction_following,likert10,e_9dae315a7446,0.05,0.5,0.5,10,0.466667,0.045
exp1_alpaca,instruction_following,likert10,e_9dae315a7446,0.05,0.5,1,3,0.703704,0.09
exp1_alpaca,instruction_following,likert10,e_9dae315a7446,0.05,0.5,2,1,1.11111,0.18
exp1_alpaca,instruction_following,likert10,e_9dae315a7446,0.05,0.8,0.5,unreachable,,0.045
exp1_alpaca,instruction_following,likert10,e_9dae315a7446,0.05,0.8,1,5,0.789444,0.09
exp1_alpaca,instruction_following,likert10,e_9dae315a7446,0.05,0.8,2,1,1.55556,0.18
exp1_alpaca,instruction_following,likert5,e_dabfcd0d96e0,0.05,0.5,0.5,unreachable,,0.02
exp1_alpaca,instruction_following,likert5,e_dabfcd0d96e0,0.05,0.5,1,3,0.75,0.04
exp1_alpaca,instruction_following,likert5,e_dabfcd0d96e0,0.05,0.5,2,1,1.25,0.08
exp1_alpaca,instruction_following,likert5,e_dabfcd0d96e0,0.05,0.8,0.5,unreachable,,0.02
exp1_alpaca,instruction_following,likert5,e_dabfcd0d96e0,0.05,0.8,1,5,0.852,0.04
exp1_alpaca,instruction_following,likert5,e_dabfcd0d96e0,0.05,0.8,2,1,1.75,0.08
exp1_alpaca,instruction_following,score100,e_1cfecd45841e,0.05,0.5,0.5,3,0.453375,0.5
exp1_alpaca,instruction_following,score100,e_1cfecd45841e,0.05,0.5,1,1,0.65025,1
exp1_alpaca,instruction_following,score100,e_1cfecd45841e,0.05,0.5,2,1,0.65025,2
exp1_alpaca,instruction_following,score100,e_1cfecd45841e,0.05,0.8,0.5,8,0.450522,0.5
exp1_alpaca,instruction_following,score100,e_1cfecd45841e,0.05,0.8,1,1,0.933109,1
exp1_alpaca,instruction_following,score100,e_1cfecd45841e,0.05,0.8,2,1,0.933109,2
exp1_anchor,summarization,likert5,e_b842cbff3261,0.05,0.5,0.5,unreachable,,0.02
exp1_anchor,summarization,likert5,e_b842cbff3261,0.05,0.5,1,unreachable,,0.04
exp1_anchor,summarization,likert5,e_b842cbff3261,0.05,0.5,2,3,2,0.08
exp1_anchor,summarization,likert5,e_b842cbff3261,0.05,0.8,0.5,unreachable,,0.02
exp1_anchor,summarization,likert5,e_b842cbff3261,0.05,0.8,1,unreachable,,0.04
exp1_anchor,summarization,likert5,e_b842cbff3261,0.05,0.8,2,unreachable,,0.08
exp1_anchor_scales,summarization,score100,e_d26d4476fba5,0.05,0.5,0.5,unreachable,,0.5
exp1_anchor_scales,summarization,score100,e_d26d4476fba5,0.05,0.5,1,5,0.83525,1
exp1_anchor_scales,summarization,score100,e_d26d4476fba5,0.05,0.5,2,1,1.225,2
exp1_anchor_scales,summarization,score100,e_d26d4476fba5,0.05,0.8,0.5,unreachable,,0.5
exp1_anchor_scales,summarization,score100,e_d26d4476fba5,0.05,0.8,1,unreachable,,1
exp1_anchor_scales,summarization,score100,e_d26d4476fba5,0.05,0.8,2,1,1.75175,2
exp1_dense,summarization,likert10,e_7268666f4d91,0.05,0.5,0.5,unreachable,,0.045
exp1_dense,summarization,likert10,e_7268666f4d91,0.05,0.5,1,3,0.814815,0.09
exp1_dense,summarization,likert10,e_7268666f4d91,0.05,0.5,2,1,1.27778,0.18
exp1_dense,summarization,likert10,e_7268666f4d91,0.05,0.8,0.5,unreachable,,0.045
exp1_dense,summarization,likert10,e_7268666f4d91,0.05,0.8,1,5,0.978222,0.09
exp1_dense,summarization,likert10,e_7268666f4d91,0.05,0.8,2,1,1.83361,0.18
exp1_dense,summarization,likert5,e_250190cb1b81,0.05,0.5,0.5,unreachable,,0.02
exp1_dense,summarization,likert5,e_250190cb1b81,0.05,0.5,1,5,0.925625,0.04
exp1_dense,summarization,likert5,e_250190cb1b81,0.05,0.5,2,1,1.75312,0.08
exp1_dense,summarization,likert5,e_250190cb1b81,0.05,0.8,0.5,unreachable,,0.02
exp1_dense,summarization,likert5,e_250190cb1b81,0.05,0.8,1,unreachable,,0.04
exp1_dense,summarization,likert5,e_250190cb1b81,0.05,0.8,2,3,1.54831,0.08
exp1_dense,summarization,score100,e_200f3c74cbfa,0.05,0.5,0.5,8,0.498156,0.5
exp1_dense,summarization,score100,e_200f3c74cbfa,0.05,0.5,1,3,0.645042,1
exp1_dense,summarization,score100,e_200f3c74cbfa,0.05,0.5,2,1,1.06512,2
exp1_dense,summarization,score100,e_200f3c74cbfa,0.05,0.8,0.5,unreachable,,0.5
exp1_dense,summarization,score100,e_200f3c74cbfa,0.05,0.8,1,3,0.912734,1
exp1_dense,summarization,score100,e_200f3c74cbfa,0.05,0.8,2,1,1.5178,2
exp1_ladder,summarization,likert5,e_250190cb1b81,0.05,0.5,0.5,unreachable,,0.02
exp1_ladder,summarization,likert5,e_250190cb1b81,0.05,0.5,1,5,0.95,0.04
exp1_ladder,summarization,likert5,e_250190cb1b81,0.05,0.5,2,1,1.875,0.08
exp1_ladder,summarization,likert5,e_250190cb1b81,0.05,0.5,5,1,1.875,0.2
exp1_ladder,summarization,likert5,e_250190cb1b81,0.05,0.8,0.5,unreachable,,0.02
exp1_ladder,summarization,likert5,e_250190cb1b81,0.05,0.8,1,unreachable,,0.04
exp1_ladder,summarization,likert5,e_250190cb1b81,0.05,0.8,2,3,1.66833,0.08
exp1_ladder,summarization,likert5,e_250190cb1b81,0.05,0.8,5,1,2.625,0.2
